<application>
  <component name="FileTypeManager" version="18">
    <ignoreFiles list="*$py.class;*.pyc;*.pyo;*.rbc;*.yarb;*~;.DS_Store;.git;.hg;.svn;CVS;__pycache__;_svn;vssver.scc;vssver2.scc" />
    <extensionMap>
      <mapping pattern="schema" type="AUTO_DETECTED" />
      <mapping pattern="index_schema" type="AUTO_DETECTED" />
      <mapping pattern="wait_for_mongo" type="AUTO_DETECTED" />
      <mapping pattern="settings" type="AUTO_DETECTED" />
      <mapping pattern="requirements" type="AUTO_DETECTED" />
      <mapping pattern="Dockerfile_base" type="AUTO_DETECTED" />
      <mapping pattern="review_text" type="AUTO_DETECTED" />
      <mapping pattern="Dockerfile_postgres14" type="AUTO_DETECTED" />
      <mapping pattern=".flake8" type="PLAIN_TEXT" />
      <mapping pattern=".env" type="PLAIN_TEXT" />
      <mapping ext="plantuml" type="PlantUML file" />
      <removed_mapping ext="txt" approved="true" type="PLAIN_TEXT" />
      <removed_mapping pattern=".env" approved="true" type=".env file" />
      <removed_mapping pattern=".env" approved="true" type="Env File" />
    </extensionMap>
  </component>
</application>